asset,train_start,train_end,test_start,test_end,sharpe_50,sharpe_100,sharpe_200,selected_n,test_sharpe,test_return_pct,test_sharpe_hold,test_return_hold_pct
BTCUSDT,2017-08-18,2019-08-17,2019-08-18,2020-02-15,1.404,1.004,0.599,50,1.169,16.3,0.18075599639316164,-3.047174927222329
BTCUSDT,2018-02-16,2020-02-15,2020-02-16,2020-08-15,0.639,0.98,0.3,100,0.609,9.3,0.9064563243213993,19.66416011760048
BTCUSDT,2018-08-17,2020-08-15,2020-08-16,2021-02-13,1.258,1.294,0.845,100,3.795,246.1,4.173474053455441,297.8408592352601
BTCUSDT,2019-02-15,2021-02-13,2021-02-14,2021-08-14,2.515,2.232,1.945,50,1.503,36.9,0.41194679234956477,-0.1806433388352624
BTCUSDT,2019-08-16,2021-08-14,2021-08-15,2022-02-12,2.244,1.617,0.997,50,0.119,-2.0,-0.013794502079312269,-10.30548874396061
BTCUSDT,2020-02-14,2022-02-12,2022-02-13,2022-08-13,1.985,1.489,0.876,50,-1.807,-25.7,-1.2020087074256163,-42.10655345710249
BTCUSDT,2020-08-14,2022-08-13,2022-08-14,2023-02-11,1.531,1.431,0.883,50,-0.397,-9.5,-0.1447644008810944,-10.551081812892749
BTCUSDT,2021-02-12,2023-02-11,2023-02-12,2023-08-12,0.052,0.244,-0.599,100,0.736,12.0,1.5266417473702827,34.61453490100672
BTCUSDT,2021-08-13,2023-08-12,2023-08-13,2024-02-10,-0.07,0.402,0.241,100,2.295,51.3,2.445463986067413,62.25217183590852
BTCUSDT,2022-02-11,2024-02-10,2024-02-11,2024-08-10,0.512,0.904,1.398,200,1.019,22.1,1.1306861171169116,27.585590192810393
BTCUSDT,2022-08-12,2024-08-10,2024-08-11,2025-02-08,1.233,0.987,1.401,200,1.763,35.8,2.2088903991240096,58.30463477892196
BTCUSDT,2023-02-10,2025-02-08,2025-02-09,2025-08-09,1.613,1.308,1.571,50,1.99,25.6,1.0776959781653885,20.755419113577478
BTCUSDT,2023-08-11,2025-08-09,2025-08-10,2026-02-07,1.755,1.453,1.2,50,-1.213,-12.5,-1.9664384037144715,-40.50485887057823
BTCUSDT,2024-02-09,2026-02-07,2026-02-08,2026-08-01,1.058,0.859,0.629,50,-0.494,-6.1,-0.32717029883474114,-9.331502172482919
ETHUSDT,2017-08-18,2019-08-17,2019-08-18,2020-02-15,0.979,0.989,-0.277,100,2.69,52.0,1.3410826669225766,42.723207069346444
ETHUSDT,2018-02-16,2020-02-15,2020-02-16,2020-08-15,0.699,0.902,0.076,100,0.209,-14.9,1.4981248430208873,63.2135306553913
ETHUSDT,2018-08-17,2020-08-15,2020-08-16,2021-02-13,1.063,0.971,0.553,50,3.021,241.3,3.3524184684908267,319.818652849741
ETHUSDT,2019-02-15,2021-02-13,2021-02-14,2021-08-14,2.079,1.734,1.487,50,1.325,44.6,1.6017269286243254,79.79239211883453
ETHUSDT,2019-08-16,2021-08-14,2021-08-15,2022-02-12,1.835,1.421,1.562,50,-0.388,-18.1,0.13182277241350676,-10.550509322252132
ETHUSDT,2020-02-14,2022-02-12,2022-02-13,2022-08-13,1.575,1.155,1.353,50,0.919,16.4,-0.3709081345545815,-32.044140218165865
ETHUSDT,2020-08-14,2022-08-13,2022-08-14,2023-02-11,1.438,1.235,1.491,200,0.803,8.6,-0.30017619653157446,-22.436540545990947
ETHUSDT,2021-02-12,2023-02-11,2023-02-12,2023-08-12,0.376,0.066,0.668,200,1.026,20.2,1.02594122591354,20.241662387634783
ETHUSDT,2021-08-13,2023-08-12,2023-08-13,2024-02-10,-0.049,-0.122,0.535,200,1.285,25.7,1.5034974359981534,35.153222013805994
ETHUSDT,2022-02-11,2024-02-10,2024-02-11,2024-08-10,0.423,0.075,0.849,200,0.916,20.7,0.46146591797111136,4.386778869228447
ETHUSDT,2022-08-12,2024-08-10,2024-08-11,2025-02-08,0.404,0.199,0.977,200,0.091,-3.3,0.3406235493610082,0.8636280039233446
ETHUSDT,2023-02-10,2025-02-08,2025-02-09,2025-08-09,0.665,0.484,0.812,200,3.284,62.1,1.5906938089780687,61.84937282997629
ETHUSDT,2023-08-11,2025-08-09,2025-08-10,2026-02-07,1.516,1.2,1.158,50,-0.315,-10.1,-1.561743929573,-51.01464106162952
ETHUSDT,2024-02-09,2026-02-07,2026-02-08,2026-08-01,1.078,0.669,0.563,50,0.088,-1.2,-0.19715235019785468,-11.601855223565959
BNBUSDT,2017-11-07,2019-11-06,2019-11-07,2020-05-06,1.29,1.001,0.875,50,0.761,14.0,0.1855066947543221,-20.897101449275326
BNBUSDT,2018-05-08,2020-05-06,2020-05-07,2020-11-04,1.183,1.074,0.61,50,0.945,22.2,1.7117992968618572,64.64825977293688
BNBUSDT,2018-11-06,2020-11-04,2020-11-05,2021-05-05,1.771,1.315,1.068,50,4.187,1726.1,4.524193535127068,2315.059347181007
BNBUSDT,2019-05-07,2021-05-05,2021-05-06,2021-11-03,2.216,2.104,2.043,50,0.726,13.4,0.40445704585890624,-12.701581938258444
BNBUSDT,2019-11-05,2021-11-03,2021-11-04,2022-05-04,2.136,1.757,1.698,50,-0.455,-13.4,-0.6222097057782212,-29.169598874032353
BNBUSDT,2020-05-05,2022-05-04,2022-05-05,2022-11-02,1.986,1.626,1.677,50,0.508,5.8,-0.27295814548012826,-20.46696472925975
BNBUSDT,2020-11-03,2022-11-02,2022-11-03,2023-05-03,1.974,1.433,1.612,50,-0.473,-15.4,0.36787009399380916,1.7801374141162896
BNBUSDT,2021-05-04,2023-05-03,2023-05-04,2023-11-01,0.058,-0.899,-0.409,50,-0.812,-4.4,-1.763837347559536,-30.070573795642918
BNBUSDT,2021-11-02,2023-11-01,2023-11-02,2024-05-01,-0.189,-0.804,-0.642,50,2.79,120.3,3.115058270669849,146.51162790697657
BNBUSDT,2022-05-03,2024-05-01,2024-05-02,2024-10-30,0.948,0.795,0.609,50,-0.707,-12.9,0.4828721894620929,6.01637593449631
BNBUSDT,2022-11-01,2024-10-30,2024-10-31,2025-04-30,0.704,0.965,0.302,100,0.178,-0.2,0.2922307357033082,0.7186030893218565
BNBUSDT,2023-05-02,2025-04-30,2025-05-01,2025-10-29,0.761,1.236,0.259,100,2.229,68.8,2.53953460628142,84.653597386144
BNBUSDT,2023-10-31,2025-10-29,2025-10-30,2026-04-29,1.342,1.706,0.9,100,-2.553,-18.5,-2.140986686884617,-44.26378983479279
BNBUSDT,2024-04-30,2026-04-29,2026-04-30,2026-08-01,0.272,0.547,-0.309,100,-0.693,-6.4,-0.46729101025266395,-6.84494403861412
XRPUSDT,2018-05-05,2020-05-03,2020-05-04,2020-11-01,0.201,-0.567,-0.321,50,-0.054,-6.0,0.5992088039479875,9.404631655725737
XRPUSDT,2018-11-03,2020-11-01,2020-11-02,2021-05-02,-0.113,-0.831,-0.04,200,1.982,173.3,2.760004220130091,550.2354264761026
XRPUSDT,2019-05-04,2021-05-02,2021-05-03,2021-10-31,1.356,0.662,0.899,50,0.177,-14.0,0.17221660960677324,-28.689522588913952
XRPUSDT,2019-11-02,2021-10-31,2021-11-01,2022-05-01,1.182,0.357,0.606,50,-1.519,-33.4,-1.079497860399805,-45.452911574406855
XRPUSDT,2020-05-02,2022-05-01,2022-05-02,2022-10-30,0.955,0.428,0.508,50,0.283,0.7,-0.24497669949079626,-24.514003294892895
XRPUSDT,2020-10-31,2022-10-30,2022-10-31,2023-04-30,0.985,0.573,0.373,50,-0.635,-16.1,0.45485882082032164,2.684417285028551
XRPUSDT,2021-05-01,2023-04-30,2023-05-01,2023-10-29,-0.278,-0.777,-1.007,50,-1.858,-31.5,0.7197674434480313,18.19341126461218
XRPUSDT,2021-10-30,2023-10-29,2023-10-30,2024-04-28,-0.8,-1.004,-0.418,200,-0.181,-12.0,0.05680228889524903,-8.235928789785763
XRPUSDT,2022-04-30,2024-04-28,2024-04-29,2024-10-27,-0.391,-0.726,-0.265,200,-1.51,-27.2,0.3396925104203016,1.2737605330198853
XRPUSDT,2022-10-29,2024-10-27,2024-10-28,2025-04-27,-0.826,-1.167,-0.371,200,2.703,262.6,2.98190034910611,335.7585139318881
XRPUSDT,2023-04-29,2025-04-27,2025-04-28,2025-10-26,0.633,0.37,0.827,200,0.135,-4.8,0.8164824214075773,17.50000000000029
XRPUSDT,2023-10-28,2025-10-26,2025-10-27,2026-04-26,0.959,0.784,0.903,50,-1.208,-15.7,-1.3892696290691788,-45.93174861116359
XRPUSDT,2024-04-27,2026-04-26,2026-04-27,2026-08-01,0.855,0.842,0.978,200,,0.0,-2.4541785138165286,-25.882435171594263
LTCUSDT,2017-12-14,2019-12-13,2019-12-14,2020-06-12,0.463,1.068,0.661,100,-0.943,-28.5,0.6008577049060655,0.6300630063006629
LTCUSDT,2018-06-14,2020-06-12,2020-06-13,2020-12-11,0.98,0.745,0.337,50,1.131,33.5,1.5461083365069617,61.449016100179186
LTCUSDT,2018-12-13,2020-12-11,2020-12-12,2021-06-11,1.281,0.746,0.362,50,1.628,82.6,1.881155862586093,125.52631578947393
LTCUSDT,2019-06-13,2021-06-11,2021-06-12,2021-12-10,0.873,0.636,0.265,50,0.761,15.5,0.3061870972298557,-8.923417060738082
LTCUSDT,2019-12-12,2021-12-10,2021-12-11,2022-06-10,1.108,0.733,0.319,50,-1.943,-23.8,-1.7782428435082127,-61.76668914362781
LTCUSDT,2020-06-11,2022-06-10,2022-06-11,2022-12-09,0.84,0.777,0.509,50,-0.021,-9.7,1.1068803204347035,34.585537918871225
LTCUSDT,2020-12-10,2022-12-09,2022-12-10,2023-06-09,0.602,0.509,0.477,50,-0.52,-16.8,0.8117181100097183,17.02267068536234
LTCUSDT,2021-06-10,2023-06-09,2023-06-10,2023-12-08,-0.08,-0.486,-0.261,50,-1.33,-27.7,-0.04794433729863572,-12.094064949608052
LTCUSDT,2021-12-09,2023-12-08,2023-12-09,2024-06-07,-0.718,-0.972,-0.304,200,0.202,-4.1,0.41306033377860274,2.0764331210193054
LTCUSDT,2022-06-09,2024-06-07,2024-06-08,2024-12-06,-0.583,-0.79,-0.169,200,2.179,59.8,1.8601080359096827,69.63684013478098
LTCUSDT,2022-12-08,2024-12-06,2024-12-07,2025-06-06,-0.11,-0.025,0.254,200,-0.853,-38.5,-0.5217262766448431,-35.81255057750319
LTCUSDT,2023-06-08,2025-06-06,2025-06-07,2025-12-05,-0.66,-0.205,-0.105,200,-0.118,-11.2,0.168850138840845,-7.873925501432632
LTCUSDT,2023-12-07,2025-12-05,2025-12-06,2026-06-05,-0.479,0.071,0.179,200,,0.0,-2.1908086470620374,-46.10599651654634
LTCUSDT,2024-06-06,2026-06-05,2026-06-06,2026-08-01,-0.712,0.146,0.09,100,,0.0,0.5413165516308339,2.146814404432229
ADAUSDT,2018-04-18,2020-04-16,2020-04-17,2020-10-15,-0.023,0.729,0.102,100,2.055,105.3,2.7224123803429614,209.51828206616327
ADAUSDT,2018-10-17,2020-10-15,2020-10-16,2021-04-15,1.334,1.224,0.853,50,4.044,937.0,4.4223529324191535,1285.8991186949177
ADAUSDT,2019-04-17,2021-04-15,2021-04-16,2021-10-14,2.332,2.176,1.954,50,0.838,17.7,1.2340234686149558,46.93546204843724
ADAUSDT,2019-10-16,2021-10-14,2021-10-15,2022-04-14,2.43,2.203,2.151,50,-0.877,-21.4,-1.3967775918178784,-57.04419889502768
ADAUSDT,2020-04-15,2022-04-14,2022-04-15,2022-10-13,2.221,2.05,2.124,50,-2.815,-37.6,-1.359837159305013,-59.61414790996784
ADAUSDT,2020-10-14,2022-10-13,2022-10-14,2023-04-13,1.395,1.56,1.811,200,-1.685,-21.2,0.6924746699179295,12.818471337579652
ADAUSDT,2021-04-14,2023-04-13,2023-04-14,2023-10-12,0.112,-0.03,0.259,200,-2.237,-30.6,-1.6086594134535737,-42.13126323218058
ADAUSDT,2021-10-13,2023-10-12,2023-10-13,2024-04-11,-1.042,-1.604,-1.505,50,1.861,72.1,2.562955332185925,138.1300813008126
ADAUSDT,2022-04-13,2024-04-11,2024-04-12,2024-10-10,0.067,0.075,0.266,200,-2.365,-28.0,-1.3050922072243478,-42.027995903038615
ADAUSDT,2022-10-12,2024-10-10,2024-10-11,2025-04-10,0.356,0.347,-0.078,50,0.918,23.6,1.421218221161514,79.44640753828018
ADAUSDT,2023-04-12,2025-04-10,2025-04-11,2025-10-09,0.428,0.766,0.205,100,0.129,-3.8,1.1797295192562427,33.77092221857572
ADAUSDT,2023-10-11,2025-10-09,2025-10-10,2026-04-09,0.693,0.938,0.357,100,-1.423,-22.1,-2.2766577153829735,-68.82973503434738
ADAUSDT,2024-04-10,2026-04-09,2026-04-10,2026-08-01,-0.061,0.26,-0.433,100,-1.978,-8.6,-1.4895822819139146,-31.365604092876875
DOGEUSDT,2019-07-06,2021-07-04,2021-07-05,2022-01-02,1.459,1.303,1.385,50,0.114,-7.2,-0.14522653490180665,-29.188816296717135
DOGEUSDT,2020-01-04,2022-01-02,2022-01-03,2022-07-03,1.457,1.231,1.332,50,-1.322,-30.3,-1.3484258608122144,-61.48424068767906
DOGEUSDT,2020-07-04,2022-07-03,2022-07-04,2023-01-01,1.359,1.209,1.356,50,-0.056,-21.5,0.603830196049883,4.508257699746987
DOGEUSDT,2021-01-02,2023-01-01,2023-01-02,2023-07-02,1.155,1.058,1.164,200,-0.914,-20.3,0.234463911264081,-3.1748291571754517
DOGEUSDT,2021-07-03,2023-07-02,2023-07-03,2023-12-31,-0.29,-0.999,-0.579,50,1.656,42.3,1.256306527474964,31.67181296868109
DOGEUSDT,2022-01-01,2023-12-31,2024-01-01,2024-06-30,-0.016,-0.323,-0.311,50,1.273,45.4,1.1414692096709773,39.00614182021216
DOGEUSDT,2022-07-02,2024-06-30,2024-07-01,2024-12-29,0.573,0.209,0.16,50,2.465,143.1,2.31670806238219,152.5305269922881
DOGEUSDT,2022-12-31,2024-12-29,2024-12-30,2025-06-29,1.364,0.943,0.971,50,-0.268,-14.0,-0.7740252331235732,-46.09829807539373
DOGEUSDT,2023-07-01,2025-06-29,2025-06-30,2025-12-28,1.351,1.041,0.847,50,-1.198,-38.8,-0.26652915187733084,-26.859065155807382
DOGEUSDT,2023-12-30,2025-12-28,2025-12-29,2026-06-28,0.768,0.877,0.6,100,-0.563,-6.8,-1.2131896721998314,-40.93439845073831
DOGEUSDT,2024-06-29,2026-06-28,2026-06-29,2026-08-01,0.282,0.734,0.327,100,,0.0,-1.3660635979457687,-5.546448087431677
SOLUSDT,2020-08-12,2022-08-11,2022-08-12,2023-02-09,2.13,1.962,1.658,50,0.381,0.7,-0.4413144938881775,-52.1159691372457
SOLUSDT,2021-02-10,2023-02-09,2023-02-10,2023-08-10,1.794,1.236,1.658,50,0.19,-2.0,0.8555837557590747,20.214843749999687
SOLUSDT,2021-08-11,2023-08-10,2023-08-11,2024-02-08,1.401,0.61,1.124,50,3.342,280.1,3.4164042152812106,317.38424045491377
SOLUSDT,2022-02-09,2024-02-08,2024-02-09,2024-08-08,1.322,0.311,1.321,50,1.006,24.9,1.4732918810750855,58.74854028804961
SOLUSDT,2022-08-10,2024-08-08,2024-08-09,2025-02-06,1.438,0.575,1.212,50,0.12,-5.7,0.7672274839129147,16.18954208300125
SOLUSDT,2023-02-08,2025-02-06,2025-02-07,2025-08-07,1.281,0.706,1.121,50,1.165,22.5,0.2668155803457137,-7.481270444233323
SOLUSDT,2023-08-09,2025-08-07,2025-08-08,2026-02-05,1.59,0.843,1.184,50,-0.269,-12.8,-1.6224672037122285,-55.32048357664239
SOLUSDT,2024-02-07,2026-02-05,2026-02-06,2026-08-01,0.495,0.075,0.235,50,-2.99,-33.6,-0.009877581148782986,-8.168474792597358
LINKUSDT,2019-01-17,2021-01-15,2021-01-16,2021-07-16,1.906,1.525,1.378,50,0.22,-21.3,0.4227476734629468,-26.53887884267636
LINKUSDT,2019-07-18,2021-07-16,2021-07-17,2022-01-14,1.141,0.97,1.323,200,-2.121,-52.7,1.5085547531019803,68.83287383484318
LINKUSDT,2020-01-16,2022-01-14,2022-01-15,2022-07-15,1.058,0.858,1.071,200,-1.51,-7.6,-2.052666381896702,-75.40824261275272
LINKUSDT,2020-07-16,2022-07-15,2022-07-16,2023-01-13,0.381,0.358,0.535,200,-1.663,-31.1,0.5377379768401414,4.4268774703556835
LINKUSDT,2021-01-14,2023-01-13,2023-01-14,2023-07-14,-0.097,-0.069,-0.179,100,-1.354,-31.3,0.4889557153398372,5.344436033308098
LINKUSDT,2021-07-15,2023-07-14,2023-07-15,2024-01-12,-0.591,-1.159,-1.852,50,1.748,71.4,2.0761736369693082,103.37740730094858
LINKUSDT,2022-01-13,2024-01-12,2024-01-13,2024-07-12,-0.331,-0.175,-0.215,100,-0.227,-10.9,0.10318858085395227,-9.9710267825597
LINKUSDT,2022-07-14,2024-07-12,2024-07-13,2025-01-10,0.018,-0.121,-0.079,50,0.948,26.6,1.3848008329053527,58.869701726844426
LINKUSDT,2023-01-12,2025-01-10,2025-01-11,2025-07-11,0.684,0.633,0.574,50,0.071,-3.3,-0.15392293928715836,-24.505928853754998
LINKUSDT,2023-07-13,2025-07-11,2025-07-12,2026-01-09,0.884,0.806,0.56,50,1.368,38.2,0.10215865689733349,-14.005235602094201
LINKUSDT,2024-01-11,2026-01-09,2026-01-10,2026-07-10,0.6,0.391,-0.043,50,-2.429,-30.3,-1.2665521174170653,-39.34550989345508
LINKUSDT,2024-07-11,2026-07-10,2026-07-11,2026-08-01,0.423,0.484,-0.007,100,-4.156,-5.2,0.6499414984938322,1.229611041405243
TRXUSDT,2018-06-12,2020-06-10,2020-06-11,2020-12-09,0.384,-0.524,-0.361,50,1.246,42.7,1.5303318240971002,63.068181818182076
TRXUSDT,2018-12-11,2020-12-09,2020-12-10,2021-06-09,0.882,-0.067,0.204,50,2.049,159.0,2.0036441842816424,162.57839721254314
TRXUSDT,2019-06-11,2021-06-09,2021-06-10,2021-12-08,1.179,0.618,0.819,50,0.558,7.3,0.9093818606168499,22.57165605095539
TRXUSDT,2019-12-10,2021-12-08,2021-12-09,2022-06-08,1.391,0.809,0.789,50,-0.812,-29.2,0.07282833650364463,-12.720580274980996
TRXUSDT,2020-06-09,2022-06-08,2022-06-09,2022-12-07,0.993,0.967,0.804,50,-2.666,-32.8,-1.2397394718756127,-34.11064252046633
TRXUSDT,2020-12-08,2022-12-07,2022-12-08,2023-06-07,0.537,0.63,0.345,100,0.57,7.9,1.746700595943149,44.48418674698789
TRXUSDT,2021-06-08,2023-06-07,2023-06-08,2023-12-06,-0.413,0.104,-0.816,100,1.551,26.5,1.9582606964876434,36.49511400651455
TRXUSDT,2021-12-07,2023-12-06,2023-12-07,2024-06-05,-0.483,0.194,-0.425,100,-0.072,-2.9,0.6885360420548763,9.383352424589564
TRXUSDT,2022-06-07,2024-06-05,2024-06-06,2024-12-04,-0.113,0.19,0.132,100,1.87,171.4,1.954003983295114,188.50685051051562
TRXUSDT,2022-12-06,2024-12-04,2024-12-05,2025-06-04,1.027,1.098,1.096,100,-1.389,-31.6,-0.40703452370340487,-16.99939503932234
TRXUSDT,2023-06-06,2025-06-04,2025-06-05,2025-12-03,0.748,0.798,1.003,200,0.666,8.2,0.2962300055687568,2.1865889212828726
TRXUSDT,2023-12-05,2025-12-03,2025-12-04,2026-06-03,0.706,0.765,0.879,200,0.701,4.8,1.5100120652208444,18.901569186875754
TRXUSDT,2024-06-04,2026-06-03,2026-06-04,2026-08-01,0.712,0.801,0.874,200,-0.423,-1.6,-0.4230520812067056,-1.6496700659867747
